center	scientific_name	tolid	common_names	biosample_accession	sample_tube_or_well_id	sample_coordinator	recipe	aim	locus_tag	alt_assembly	alt_annotation	instrument	library_selection	library_strategy	library_name	exp_attr	lib_attr	insert_size	yield	forward_file_name	forward_file_md5	reverse_file_name	reverse_file_md5	native_file_name	native_file_md5	file_name	file_md5				
SCILIFELAB	Triaenophorus nodulosus	heTriNodu1	-	SAMEA115098052	TnoduSample004	-	-	assembly	-	no	no	Illumina NovaSeq X	Oligo-dT	RNA-Seq	YF-4364-RE026-1A	-	LIBRARY_CONSTRUCTION_PROTOCOL:The RNA sequencing library is prepared using the TruSeq Stranded mRNA Library Preparation Kit with poly-A selection (cat# 20020595, Illumina Inc.). Library preparation is performed according to the manufacturer's protocol (#1000000040498). Before library preparation, the quality and quantity of the samples are evaluated using either the Fragment Analyzer system (DNF-471 kit) or the TapeStation 4200 (RNA ScreenTape), both systems from Agilent Technologies.	150	-	YF-4364-RE026-1A_S1_L001_R1_001.fastq.gz	3b0517984a40cc44f395ad6c13840f29	YF-4364-RE026-1A_S1_L001_R2_001.fastq.gz	6ad8251a87bbed98665f5d1641434740								
SCILIFELAB	Triaenophorus nodulosus	heTriNodu1	-	SAMEA115098052	TnoduSample004	-	-	assembly	-	no	no	Illumina NovaSeq X	Oligo-dT	RNA-Seq	YF-4364-RE026-1A	-	LIBRARY_CONSTRUCTION_PROTOCOL:The RNA sequencing library is prepared using the TruSeq Stranded mRNA Library Preparation Kit with poly-A selection (cat# 20020595, Illumina Inc.). Library preparation is performed according to the manufacturer's protocol (#1000000040498). Before library preparation, the quality and quantity of the samples are evaluated using either the Fragment Analyzer system (DNF-471 kit) or the TapeStation 4200 (RNA ScreenTape), both systems from Agilent Technologies.	150	-	YF-4364-RE026-1A_S46_L002_R1_001.fastq.gz	2fedd987cf7b434cc59a8de4d9046b7c	YF-4364-RE026-1A_S46_L002_R2_001.fastq.gz	1391d9f08b387fd49185fedf36f13105								
SCILIFELAB	Cryptotrichosporon brontae	gfCryBron1	-	SAMEA115084251	DSM_104551_18__DSM_104551_19__DSM_104551_20__DSM_104551_21	-	-	assembly	-	no	no	Illumina NovaSeq X	Oligo-dT	RNA-Seq	YF-4364-RE027-1A1-2-pool	-	LIBRARY_CONSTRUCTION_PROTOCOL:The RNA sequencing library is prepared using the TruSeq Stranded mRNA Library Preparation Kit with poly-A selection (cat# 20020595, Illumina Inc.). Library preparation is performed according to the manufacturer's protocol (#1000000040498). Before library preparation, the quality and quantity of the samples are evaluated using either the Fragment Analyzer system (DNF-471 kit) or the TapeStation 4200 (RNA ScreenTape), both systems from Agilent Technologies.	150	-	YF-4364-RE027-1A1-2-pool_S2_L001_R1_001.fastq.gz	dea28401943d65f434c65bf35ed8ab34	YF-4364-RE027-1A1-2-pool_S2_L001_R2_001.fastq.gz	5aa288f8c6167ce771071175b3e822a6								
SCILIFELAB	Cryptotrichosporon brontae	gfCryBron1	-	SAMEA115084251	DSM_104551_18__DSM_104551_19__DSM_104551_20__DSM_104551_21	-	-	assembly	-	no	no	Illumina NovaSeq X	Oligo-dT	RNA-Seq	YF-4364-RE027-1A1-2-pool	-	LIBRARY_CONSTRUCTION_PROTOCOL:The RNA sequencing library is prepared using the TruSeq Stranded mRNA Library Preparation Kit with poly-A selection (cat# 20020595, Illumina Inc.). Library preparation is performed according to the manufacturer's protocol (#1000000040498). Before library preparation, the quality and quantity of the samples are evaluated using either the Fragment Analyzer system (DNF-471 kit) or the TapeStation 4200 (RNA ScreenTape), both systems from Agilent Technologies.	150	-	YF-4364-RE027-1A1-2-pool_S47_L002_R1_001.fastq.gz	85b8fd624a9046a48bf5bbd8c3ee8207	YF-4364-RE027-1A1-2-pool_S47_L002_R2_001.fastq.gz	8653578316a6448709665aad08df6aa2								
SCILIFELAB	Niphargus gammariformis	qmNipGamm12	-	SAMEA115536143	DE105_012	-	-	assembly	-	no	no	Illumina NovaSeq X	Oligo-dT	RNA-Seq	YF-4364-RE028-1A	-	LIBRARY_CONSTRUCTION_PROTOCOL:The RNA sequencing library is prepared using the TruSeq Stranded mRNA Library Preparation Kit with poly-A selection (cat# 20020595, Illumina Inc.). Library preparation is performed according to the manufacturer's protocol (#1000000040498). Before library preparation, the quality and quantity of the samples are evaluated using either the Fragment Analyzer system (DNF-471 kit) or the TapeStation 4200 (RNA ScreenTape), both systems from Agilent Technologies.	150	-	YF-4364-RE028-1A_S3_L001_R1_001.fastq.gz	90df0cd62d392008e0d92986b6f1bfed	YF-4364-RE028-1A_S3_L001_R2_001.fastq.gz	55996089a8080abaf51967e727d37e83								
SCILIFELAB	Niphargus gammariformis	qmNipGamm12	-	SAMEA115536143	DE105_012	-	-	assembly	-	no	no	Illumina NovaSeq X	Oligo-dT	RNA-Seq	YF-4364-RE028-1A	-	LIBRARY_CONSTRUCTION_PROTOCOL:The RNA sequencing library is prepared using the TruSeq Stranded mRNA Library Preparation Kit with poly-A selection (cat# 20020595, Illumina Inc.). Library preparation is performed according to the manufacturer's protocol (#1000000040498). Before library preparation, the quality and quantity of the samples are evaluated using either the Fragment Analyzer system (DNF-471 kit) or the TapeStation 4200 (RNA ScreenTape), both systems from Agilent Technologies.	150	-	YF-4364-RE028-1A_S48_L002_R1_001.fastq.gz	8885f53269b473ea7bbe7355cebd323c	YF-4364-RE028-1A_S48_L002_R2_001.fastq.gz	e9cccde862d36bec37007751acc7e429								
SCILIFELAB	Clavelina lepadiformis	kaClaLepa17	-	SAMEA115782299	FS42549324	-	-	assembly	-	no	no	Illumina NovaSeq X	Oligo-dT	RNA-Seq	YF-4364-RE029-1A	-	LIBRARY_CONSTRUCTION_PROTOCOL:The RNA sequencing library is prepared using the TruSeq Stranded mRNA Library Preparation Kit with poly-A selection (cat# 20020595, Illumina Inc.). Library preparation is performed according to the manufacturer's protocol (#1000000040498). Before library preparation, the quality and quantity of the samples are evaluated using either the Fragment Analyzer system (DNF-471 kit) or the TapeStation 4200 (RNA ScreenTape), both systems from Agilent Technologies.	150	-	YF-4364-RE029-1A_S4_L001_R1_001.fastq.gz	3f2be2bffdc65e1870bd16f371ad0c16	YF-4364-RE029-1A_S4_L001_R2_001.fastq.gz	8d53f8596c63e20cc9cba374399cdf24								
SCILIFELAB	Clavelina lepadiformis	kaClaLepa17	-	SAMEA115782299	FS42549324	-	-	assembly	-	no	no	Illumina NovaSeq X	Oligo-dT	RNA-Seq	YF-4364-RE029-1A	-	LIBRARY_CONSTRUCTION_PROTOCOL:The RNA sequencing library is prepared using the TruSeq Stranded mRNA Library Preparation Kit with poly-A selection (cat# 20020595, Illumina Inc.). Library preparation is performed according to the manufacturer's protocol (#1000000040498). Before library preparation, the quality and quantity of the samples are evaluated using either the Fragment Analyzer system (DNF-471 kit) or the TapeStation 4200 (RNA ScreenTape), both systems from Agilent Technologies.	150	-	YF-4364-RE029-1A_S49_L002_R1_001.fastq.gz	78e62b401c6022d87fcdc0fef90c0921	YF-4364-RE029-1A_S49_L002_R2_001.fastq.gz	5588f38318416127351346f2504334ec								
SCILIFELAB	Microcosmus squamiger	kaMicSqua1	-	SAMEA115782290	FS42549335	-	-	assembly	-	no	no	Illumina NovaSeq X	Oligo-dT	RNA-Seq	YF-4364-RE030-1A	-	LIBRARY_CONSTRUCTION_PROTOCOL:The RNA sequencing library is prepared using the TruSeq Stranded mRNA Library Preparation Kit with poly-A selection (cat# 20020595, Illumina Inc.). Library preparation is performed according to the manufacturer's protocol (#1000000040498). Before library preparation, the quality and quantity of the samples are evaluated using either the Fragment Analyzer system (DNF-471 kit) or the TapeStation 4200 (RNA ScreenTape), both systems from Agilent Technologies.	150	-	YF-4364-RE030-1A_S5_L001_R1_001.fastq.gz	22ceeb42f085facd08de7686b3b42f38	YF-4364-RE030-1A_S5_L001_R2_001.fastq.gz	eee849c3db6c2e8212451b49e75dc128								
SCILIFELAB	Microcosmus squamiger	kaMicSqua1	-	SAMEA115782290	FS42549335	-	-	assembly	-	no	no	Illumina NovaSeq X	Oligo-dT	RNA-Seq	YF-4364-RE030-1A	-	LIBRARY_CONSTRUCTION_PROTOCOL:The RNA sequencing library is prepared using the TruSeq Stranded mRNA Library Preparation Kit with poly-A selection (cat# 20020595, Illumina Inc.). Library preparation is performed according to the manufacturer's protocol (#1000000040498). Before library preparation, the quality and quantity of the samples are evaluated using either the Fragment Analyzer system (DNF-471 kit) or the TapeStation 4200 (RNA ScreenTape), both systems from Agilent Technologies.	150	-	YF-4364-RE030-1A_S50_L002_R1_001.fastq.gz	50bd1877e05b53cb1a7855f2ec352fe9	YF-4364-RE030-1A_S50_L002_R2_001.fastq.gz	c19b94b064d33a1c392e0f49cc17e34b								
SCILIFELAB	Laparocerus anagae	icLapAnag3	-	SAMEA115808863	FS38819785	-	-	assembly	-	no	no	Illumina NovaSeq X	Oligo-dT	RNA-Seq	YF-4364-RE031-1A	-	LIBRARY_CONSTRUCTION_PROTOCOL:The RNA sequencing library is prepared using the TruSeq Stranded mRNA Library Preparation Kit with poly-A selection (cat# 20020595, Illumina Inc.). Library preparation is performed according to the manufacturer's protocol (#1000000040498). Before library preparation, the quality and quantity of the samples are evaluated using either the Fragment Analyzer system (DNF-471 kit) or the TapeStation 4200 (RNA ScreenTape), both systems from Agilent Technologies.	150	-	YF-4364-RE031-1A_S51_L002_R1_001.fastq.gz	9146ffecea5e881ab19e0807388f6fd3	YF-4364-RE031-1A_S51_L002_R2_001.fastq.gz	d755335c34945e94e95abcd9e78fad48								
SCILIFELAB	Laparocerus anagae	icLapAnag3	-	SAMEA115808863	FS38819785	-	-	assembly	-	no	no	Illumina NovaSeq X	Oligo-dT	RNA-Seq	YF-4364-RE031-1A	-	LIBRARY_CONSTRUCTION_PROTOCOL:The RNA sequencing library is prepared using the TruSeq Stranded mRNA Library Preparation Kit with poly-A selection (cat# 20020595, Illumina Inc.). Library preparation is performed according to the manufacturer's protocol (#1000000040498). Before library preparation, the quality and quantity of the samples are evaluated using either the Fragment Analyzer system (DNF-471 kit) or the TapeStation 4200 (RNA ScreenTape), both systems from Agilent Technologies.	150	-	YF-4364-RE031-1A_S6_L001_R1_001.fastq.gz	5463cf18b53dbbb0bf078e11a8709e6e	YF-4364-RE031-1A_S6_L001_R2_001.fastq.gz	73c682dc2fdce195520ed678e584cc32								
SCILIFELAB	Troglohyphantes liburnicus	qqTroLibu6	-	SAMEA115118107	FF03939993_FF03939999	-	-	assembly	-	no	no	Illumina NovaSeq X	Oligo-dT	RNA-Seq	YF-4364-RE033-2A	-	LIBRARY_CONSTRUCTION_PROTOCOL:The RNA sequencing library is prepared using the TruSeq Stranded mRNA Library Preparation Kit with poly-A selection (cat# 20020595, Illumina Inc.). Library preparation is performed according to the manufacturer's protocol (#1000000040498). Before library preparation, the quality and quantity of the samples are evaluated using either the Fragment Analyzer system (DNF-471 kit) or the TapeStation 4200 (RNA ScreenTape), both systems from Agilent Technologies.	150	-	YF-4364-RE033-2A_S53_L002_R1_001.fastq.gz	9652c8655a8acb281e9452cabc8162d0	YF-4364-RE033-2A_S53_L002_R2_001.fastq.gz	4f6fe937914ba9b49012934999b63fc4								
SCILIFELAB	Troglohyphantes liburnicus	qqTroLibu6	-	SAMEA115118107	FF03939993_FF03939999	-	-	assembly	-	no	no	Illumina NovaSeq X	Oligo-dT	RNA-Seq	YF-4364-RE033-2A	-	LIBRARY_CONSTRUCTION_PROTOCOL:The RNA sequencing library is prepared using the TruSeq Stranded mRNA Library Preparation Kit with poly-A selection (cat# 20020595, Illumina Inc.). Library preparation is performed according to the manufacturer's protocol (#1000000040498). Before library preparation, the quality and quantity of the samples are evaluated using either the Fragment Analyzer system (DNF-471 kit) or the TapeStation 4200 (RNA ScreenTape), both systems from Agilent Technologies.	150	-	YF-4364-RE033-2A_S8_L001_R1_001.fastq.gz	909f11606a6c7ce0173fb461168c866f	YF-4364-RE033-2A_S8_L001_R2_001.fastq.gz	090c30fed79b6490b29537843b6a4416								
SCILIFELAB	Rhode magnifica	qqRhoMagi3	-	SAMEA115527213	H000528066_H000535907	-	-	assembly	-	no	no	Illumina NovaSeq X	Oligo-dT	RNA-Seq	YF-4364-RE034-2A	-	LIBRARY_CONSTRUCTION_PROTOCOL:The RNA sequencing library is prepared using the TruSeq Stranded mRNA Library Preparation Kit with poly-A selection (cat# 20020595, Illumina Inc.). Library preparation is performed according to the manufacturer's protocol (#1000000040498). Before library preparation, the quality and quantity of the samples are evaluated using either the Fragment Analyzer system (DNF-471 kit) or the TapeStation 4200 (RNA ScreenTape), both systems from Agilent Technologies.	150	-	YF-4364-RE034-2A_S54_L002_R1_001.fastq.gz	0f8158fec853dd168cbd8112783ed48f	YF-4364-RE034-2A_S54_L002_R2_001.fastq.gz	6a21d8620583c11aeb574731afa649b2								
SCILIFELAB	Rhode magnifica	qqRhoMagi3	-	SAMEA115527213	H000528066_H000535907	-	-	assembly	-	no	no	Illumina NovaSeq X	Oligo-dT	RNA-Seq	YF-4364-RE034-2A	-	LIBRARY_CONSTRUCTION_PROTOCOL:The RNA sequencing library is prepared using the TruSeq Stranded mRNA Library Preparation Kit with poly-A selection (cat# 20020595, Illumina Inc.). Library preparation is performed according to the manufacturer's protocol (#1000000040498). Before library preparation, the quality and quantity of the samples are evaluated using either the Fragment Analyzer system (DNF-471 kit) or the TapeStation 4200 (RNA ScreenTape), both systems from Agilent Technologies.	150	-	YF-4364-RE034-2A_S9_L001_R1_001.fastq.gz	0d344ee6986345956e8957cf859d00d3	YF-4364-RE034-2A_S9_L001_R2_001.fastq.gz	203fc00bad220bdeff8731a16fd32b43								
SCILIFELAB	Stalagtia hercegovinensis	qqStaHerc9	-	SAMEA115527237	H000528904	-	-	assembly	-	no	no	Illumina NovaSeq X	Oligo-dT	RNA-Seq	YF-4364-RE035-1A	-	LIBRARY_CONSTRUCTION_PROTOCOL:The RNA sequencing library is prepared using the TruSeq Stranded mRNA Library Preparation Kit with poly-A selection (cat# 20020595, Illumina Inc.). Library preparation is performed according to the manufacturer's protocol (#1000000040498). Before library preparation, the quality and quantity of the samples are evaluated using either the Fragment Analyzer system (DNF-471 kit) or the TapeStation 4200 (RNA ScreenTape), both systems from Agilent Technologies.	150	-	YF-4364-RE035-1A_S10_L001_R1_001.fastq.gz	2c6b213ced8a649b9249fb8ee1e64d37	YF-4364-RE035-1A_S10_L001_R2_001.fastq.gz	23ceffbbb28f910dc3c7c016e7b1b4c2								
SCILIFELAB	Stalagtia hercegovinensis	qqStaHerc9	-	SAMEA115527237	H000528904	-	-	assembly	-	no	no	Illumina NovaSeq X	Oligo-dT	RNA-Seq	YF-4364-RE035-1A	-	LIBRARY_CONSTRUCTION_PROTOCOL:The RNA sequencing library is prepared using the TruSeq Stranded mRNA Library Preparation Kit with poly-A selection (cat# 20020595, Illumina Inc.). Library preparation is performed according to the manufacturer's protocol (#1000000040498). Before library preparation, the quality and quantity of the samples are evaluated using either the Fragment Analyzer system (DNF-471 kit) or the TapeStation 4200 (RNA ScreenTape), both systems from Agilent Technologies.	150	-	YF-4364-RE035-1A_S55_L002_R1_001.fastq.gz	f0d3008501ed13d6114bcede70418487	YF-4364-RE035-1A_S55_L002_R2_001.fastq.gz	b1d5b47c0f8fa8fab511d6d06a97b548								
SCILIFELAB	Osmylus fulvicephalus	inOsmFulv2	-	SAMEA115755037	FS55571897	-	-	assembly	-	no	no	Illumina NovaSeq X	Oligo-dT	RNA-Seq	YF-4364-RE036-1A	-	LIBRARY_CONSTRUCTION_PROTOCOL:The RNA sequencing library is prepared using the TruSeq Stranded mRNA Library Preparation Kit with poly-A selection (cat# 20020595, Illumina Inc.). Library preparation is performed according to the manufacturer's protocol (#1000000040498). Before library preparation, the quality and quantity of the samples are evaluated using either the Fragment Analyzer system (DNF-471 kit) or the TapeStation 4200 (RNA ScreenTape), both systems from Agilent Technologies.	150	-	YF-4364-RE036-1A_S11_L001_R1_001.fastq.gz	f6fbde33170a44ba169596404e50261b	YF-4364-RE036-1A_S11_L001_R2_001.fastq.gz	454c79f57941c23d08644df5d0b90fa8								
SCILIFELAB	Osmylus fulvicephalus	inOsmFulv2	-	SAMEA115755037	FS55571897	-	-	assembly	-	no	no	Illumina NovaSeq X	Oligo-dT	RNA-Seq	YF-4364-RE036-1A	-	LIBRARY_CONSTRUCTION_PROTOCOL:The RNA sequencing library is prepared using the TruSeq Stranded mRNA Library Preparation Kit with poly-A selection (cat# 20020595, Illumina Inc.). Library preparation is performed according to the manufacturer's protocol (#1000000040498). Before library preparation, the quality and quantity of the samples are evaluated using either the Fragment Analyzer system (DNF-471 kit) or the TapeStation 4200 (RNA ScreenTape), both systems from Agilent Technologies.	150	-	YF-4364-RE036-1A_S56_L002_R1_001.fastq.gz	bd0ef4268295e5270ba3fc6cdb1c7b67	YF-4364-RE036-1A_S56_L002_R2_001.fastq.gz	46629bf4e5757c85bd9c827904b64a20								
SCILIFELAB	Trionyx triungius	rTriTgu1	-	SAMEA115737672	TT1_TT3_TT4_TT5	-	-	assembly	-	no	no	Illumina NovaSeq X	Oligo-dT	RNA-Seq	YF-4364-RE037-1A1-2-pool	-	LIBRARY_CONSTRUCTION_PROTOCOL:The RNA sequencing library is prepared using the TruSeq Stranded mRNA Library Preparation Kit with poly-A selection (cat# 20020595, Illumina Inc.). Library preparation is performed according to the manufacturer's protocol (#1000000040498). Before library preparation, the quality and quantity of the samples are evaluated using either the Fragment Analyzer system (DNF-471 kit) or the TapeStation 4200 (RNA ScreenTape), both systems from Agilent Technologies.	150	-	YF-4364-RE037-1A1-2-pool_S12_L001_R1_001.fastq.gz	1435c7c180bcbe3f4cf8f0886a8b8e62	YF-4364-RE037-1A1-2-pool_S12_L001_R2_001.fastq.gz	c2fbc43205b879c800355c68bf3b8d91								
SCILIFELAB	Trionyx triungius	rTriTgu1	-	SAMEA115737672	TT1_TT3_TT4_TT5	-	-	assembly	-	no	no	Illumina NovaSeq X	Oligo-dT	RNA-Seq	YF-4364-RE037-1A1-2-pool	-	LIBRARY_CONSTRUCTION_PROTOCOL:The RNA sequencing library is prepared using the TruSeq Stranded mRNA Library Preparation Kit with poly-A selection (cat# 20020595, Illumina Inc.). Library preparation is performed according to the manufacturer's protocol (#1000000040498). Before library preparation, the quality and quantity of the samples are evaluated using either the Fragment Analyzer system (DNF-471 kit) or the TapeStation 4200 (RNA ScreenTape), both systems from Agilent Technologies.	150	-	YF-4364-RE037-1A1-2-pool_S57_L002_R1_001.fastq.gz	14bf043937ce9af87e43e077d5bdc2b3	YF-4364-RE037-1A1-2-pool_S57_L002_R2_001.fastq.gz	85a759eaa23d75bf44e9c1d0bc087cac								
SCILIFELAB	Propomacrus cypriacus	icProCypr1	-	SAMEA116289666	LV6000912292	-	-	assembly	-	no	no	Illumina NovaSeq X	Oligo-dT	RNA-Seq	YF-4364-RE038-1A	-	LIBRARY_CONSTRUCTION_PROTOCOL:The RNA sequencing library is prepared using the TruSeq Stranded mRNA Library Preparation Kit with poly-A selection (cat# 20020595, Illumina Inc.). Library preparation is performed according to the manufacturer's protocol (#1000000040498). Before library preparation, the quality and quantity of the samples are evaluated using either the Fragment Analyzer system (DNF-471 kit) or the TapeStation 4200 (RNA ScreenTape), both systems from Agilent Technologies.	150	-	YF-4364-RE038-1A_S13_L001_R1_001.fastq.gz	ebc6709ca30f2203540b3f61bc488596	YF-4364-RE038-1A_S13_L001_R2_001.fastq.gz	dc27db1f796f09f61aa0fb7de3897473								
SCILIFELAB	Propomacrus cypriacus	icProCypr1	-	SAMEA116289666	LV6000912292	-	-	assembly	-	no	no	Illumina NovaSeq X	Oligo-dT	RNA-Seq	YF-4364-RE038-1A	-	LIBRARY_CONSTRUCTION_PROTOCOL:The RNA sequencing library is prepared using the TruSeq Stranded mRNA Library Preparation Kit with poly-A selection (cat# 20020595, Illumina Inc.). Library preparation is performed according to the manufacturer's protocol (#1000000040498). Before library preparation, the quality and quantity of the samples are evaluated using either the Fragment Analyzer system (DNF-471 kit) or the TapeStation 4200 (RNA ScreenTape), both systems from Agilent Technologies.	150	-	YF-4364-RE038-1A_S58_L002_R1_001.fastq.gz	02857061a419326a43e0909cae9b8e22	YF-4364-RE038-1A_S58_L002_R2_001.fastq.gz	ee425e8104a375504003fa4f0d9814d7								
SCILIFELAB	Aegaeobuthus cyprius	qqAegCypr1	-	SAMEA116289588	LV6000912370	-	-	assembly	-	no	no	Illumina NovaSeq X	Oligo-dT	RNA-Seq	YF-4364-RE039-1A	-	LIBRARY_CONSTRUCTION_PROTOCOL:The RNA sequencing library is prepared using the TruSeq Stranded mRNA Library Preparation Kit with poly-A selection (cat# 20020595, Illumina Inc.). Library preparation is performed according to the manufacturer's protocol (#1000000040498). Before library preparation, the quality and quantity of the samples are evaluated using either the Fragment Analyzer system (DNF-471 kit) or the TapeStation 4200 (RNA ScreenTape), both systems from Agilent Technologies.	150	-	YF-4364-RE039-1A_S14_L001_R1_001.fastq.gz	fc8c0119ed19f85424592b35a9a4dabc	YF-4364-RE039-1A_S14_L001_R2_001.fastq.gz	3a51e341c952108b554e5806d507746f								
SCILIFELAB	Aegaeobuthus cyprius	qqAegCypr1	-	SAMEA116289588	LV6000912370	-	-	assembly	-	no	no	Illumina NovaSeq X	Oligo-dT	RNA-Seq	YF-4364-RE039-1A	-	LIBRARY_CONSTRUCTION_PROTOCOL:The RNA sequencing library is prepared using the TruSeq Stranded mRNA Library Preparation Kit with poly-A selection (cat# 20020595, Illumina Inc.). Library preparation is performed according to the manufacturer's protocol (#1000000040498). Before library preparation, the quality and quantity of the samples are evaluated using either the Fragment Analyzer system (DNF-471 kit) or the TapeStation 4200 (RNA ScreenTape), both systems from Agilent Technologies.	150	-	YF-4364-RE039-1A_S59_L002_R1_001.fastq.gz	4a3ed2413c70dd518cce0f44501cf737	YF-4364-RE039-1A_S59_L002_R2_001.fastq.gz	7187c95be8e4a5b80f9123f4b1bccb8a								
SCILIFELAB	Agelena orientalis	qqAgeOrie3	-	SAMEA116289648	LV6000912408	-	-	assembly	-	no	no	Illumina NovaSeq X	Oligo-dT	RNA-Seq	YF-4364-RE040-1A	-	LIBRARY_CONSTRUCTION_PROTOCOL:The RNA sequencing library is prepared using the TruSeq Stranded mRNA Library Preparation Kit with poly-A selection (cat# 20020595, Illumina Inc.). Library preparation is performed according to the manufacturer's protocol (#1000000040498). Before library preparation, the quality and quantity of the samples are evaluated using either the Fragment Analyzer system (DNF-471 kit) or the TapeStation 4200 (RNA ScreenTape), both systems from Agilent Technologies.	150	-	YF-4364-RE040-1A_S15_L001_R1_001.fastq.gz	b8a4ec439e33c4d14a8b4a3f3bdd5816	YF-4364-RE040-1A_S15_L001_R2_001.fastq.gz	c594c24a58c224d266e606bbed132044								
SCILIFELAB	Agelena orientalis	qqAgeOrie3	-	SAMEA116289648	LV6000912408	-	-	assembly	-	no	no	Illumina NovaSeq X	Oligo-dT	RNA-Seq	YF-4364-RE040-1A	-	LIBRARY_CONSTRUCTION_PROTOCOL:The RNA sequencing library is prepared using the TruSeq Stranded mRNA Library Preparation Kit with poly-A selection (cat# 20020595, Illumina Inc.). Library preparation is performed according to the manufacturer's protocol (#1000000040498). Before library preparation, the quality and quantity of the samples are evaluated using either the Fragment Analyzer system (DNF-471 kit) or the TapeStation 4200 (RNA ScreenTape), both systems from Agilent Technologies.	150	-	YF-4364-RE040-1A_S60_L002_R1_001.fastq.gz	063aecff75145e60d4ed67aa044183c7	YF-4364-RE040-1A_S60_L002_R2_001.fastq.gz	216ad994e63ad8a5ed875b3d87a40769								
SCILIFELAB	Artema nephilit	qqArtNeph1	-	SAMEA116298746	LV6000659173	-	-	assembly	-	no	no	Illumina NovaSeq X	Oligo-dT	RNA-Seq	YF-4364-RE041-2A	-	LIBRARY_CONSTRUCTION_PROTOCOL:The RNA sequencing library is prepared using the TruSeq Stranded mRNA Library Preparation Kit with poly-A selection (cat# 20020595, Illumina Inc.). Library preparation is performed according to the manufacturer's protocol (#1000000040498). Before library preparation, the quality and quantity of the samples are evaluated using either the Fragment Analyzer system (DNF-471 kit) or the TapeStation 4200 (RNA ScreenTape), both systems from Agilent Technologies.	150	-	YF-4364-RE041-2A_S16_L001_R1_001.fastq.gz	52d92c6dc28850b0a2064576d4748d27	YF-4364-RE041-2A_S16_L001_R2_001.fastq.gz	e9fbd5e0a9d6b66d05e675ffbec870ce								
SCILIFELAB	Artema nephilit	qqArtNeph1	-	SAMEA116298746	LV6000659173	-	-	assembly	-	no	no	Illumina NovaSeq X	Oligo-dT	RNA-Seq	YF-4364-RE041-2A	-	LIBRARY_CONSTRUCTION_PROTOCOL:The RNA sequencing library is prepared using the TruSeq Stranded mRNA Library Preparation Kit with poly-A selection (cat# 20020595, Illumina Inc.). Library preparation is performed according to the manufacturer's protocol (#1000000040498). Before library preparation, the quality and quantity of the samples are evaluated using either the Fragment Analyzer system (DNF-471 kit) or the TapeStation 4200 (RNA ScreenTape), both systems from Agilent Technologies.	150	-	YF-4364-RE041-2A_S61_L002_R1_001.fastq.gz	c9fd8cdcd6b94e91093496e32a2ea5a3	YF-4364-RE041-2A_S61_L002_R2_001.fastq.gz	fa8023a876649865b0d711c0a75a6f84								
SCILIFELAB	Buthus kunti	qqButKunt1	-	SAMEA116289416	LV6000912364_LV6000912379_LV6000912355	-	-	assembly	-	no	no	Illumina NovaSeq X	Oligo-dT	RNA-Seq	YF-4364-RE042-1A2-4-pool	-	LIBRARY_CONSTRUCTION_PROTOCOL:The RNA sequencing library is prepared using the TruSeq Stranded mRNA Library Preparation Kit with poly-A selection (cat# 20020595, Illumina Inc.). Library preparation is performed according to the manufacturer's protocol (#1000000040498). Before library preparation, the quality and quantity of the samples are evaluated using either the Fragment Analyzer system (DNF-471 kit) or the TapeStation 4200 (RNA ScreenTape), both systems from Agilent Technologies.	150	-	YF-4364-RE042-1A2-4-pool_S17_L001_R1_001.fastq.gz	c05d2a21c5dcd856800b4e0e3518aa37	YF-4364-RE042-1A2-4-pool_S17_L001_R2_001.fastq.gz	e0c0cd04529337f886811e6cb58f56d4								
SCILIFELAB	Buthus kunti	qqButKunt1	-	SAMEA116289416	LV6000912364_LV6000912379_LV6000912355	-	-	assembly	-	no	no	Illumina NovaSeq X	Oligo-dT	RNA-Seq	YF-4364-RE042-1A2-4-pool	-	LIBRARY_CONSTRUCTION_PROTOCOL:The RNA sequencing library is prepared using the TruSeq Stranded mRNA Library Preparation Kit with poly-A selection (cat# 20020595, Illumina Inc.). Library preparation is performed according to the manufacturer's protocol (#1000000040498). Before library preparation, the quality and quantity of the samples are evaluated using either the Fragment Analyzer system (DNF-471 kit) or the TapeStation 4200 (RNA ScreenTape), both systems from Agilent Technologies.	150	-	YF-4364-RE042-1A2-4-pool_S62_L002_R1_001.fastq.gz	b4f20e0827387172cbf072fe35faa070	YF-4364-RE042-1A2-4-pool_S62_L002_R2_001.fastq.gz	135256b718192f25c31df41f7a83a308								
SCILIFELAB	Lycosa praegrandis	qqLycPrae1	-	SAMEA116289566	LV6000912302	-	-	assembly	-	no	no	Illumina NovaSeq X	Oligo-dT	RNA-Seq	YF-4364-RE043-1A	-	LIBRARY_CONSTRUCTION_PROTOCOL:The RNA sequencing library is prepared using the TruSeq Stranded mRNA Library Preparation Kit with poly-A selection (cat# 20020595, Illumina Inc.). Library preparation is performed according to the manufacturer's protocol (#1000000040498). Before library preparation, the quality and quantity of the samples are evaluated using either the Fragment Analyzer system (DNF-471 kit) or the TapeStation 4200 (RNA ScreenTape), both systems from Agilent Technologies.	150	-	YF-4364-RE043-1A_S18_L001_R1_001.fastq.gz	748836eb9191d1f0a0f20835bbb02ece	YF-4364-RE043-1A_S18_L001_R2_001.fastq.gz	d1bb245e8d50d45f8595941ac3d25888								
SCILIFELAB	Lycosa praegrandis	qqLycPrae1	-	SAMEA116289566	LV6000912302	-	-	assembly	-	no	no	Illumina NovaSeq X	Oligo-dT	RNA-Seq	YF-4364-RE043-1A	-	LIBRARY_CONSTRUCTION_PROTOCOL:The RNA sequencing library is prepared using the TruSeq Stranded mRNA Library Preparation Kit with poly-A selection (cat# 20020595, Illumina Inc.). Library preparation is performed according to the manufacturer's protocol (#1000000040498). Before library preparation, the quality and quantity of the samples are evaluated using either the Fragment Analyzer system (DNF-471 kit) or the TapeStation 4200 (RNA ScreenTape), both systems from Agilent Technologies.	150	-	YF-4364-RE043-1A_S63_L002_R1_001.fastq.gz	f43977d67f0a493bf011b71e2cfb57e8	YF-4364-RE043-1A_S63_L002_R2_001.fastq.gz	39da7c23410c3e4b7f286c515a752807								
SCILIFELAB	Aiolopus thalassinus	iqAioThal2	-	SAMEA116282578	LV6000904914	-	-	assembly	-	no	no	Illumina NovaSeq X	Oligo-dT	RNA-Seq	YF-4364-RE044-1A	-	LIBRARY_CONSTRUCTION_PROTOCOL:The RNA sequencing library is prepared using the TruSeq Stranded mRNA Library Preparation Kit with poly-A selection (cat# 20020595, Illumina Inc.). Library preparation is performed according to the manufacturer's protocol (#1000000040498). Before library preparation, the quality and quantity of the samples are evaluated using either the Fragment Analyzer system (DNF-471 kit) or the TapeStation 4200 (RNA ScreenTape), both systems from Agilent Technologies.	150	-	YF-4364-RE044-1A_S19_L001_R1_001.fastq.gz	18d8c8c410ef666ee7d87df76a167bc8	YF-4364-RE044-1A_S19_L001_R2_001.fastq.gz	2a5be85655ca1d75d20eb07a0b7f16ee								
SCILIFELAB	Aiolopus thalassinus	iqAioThal2	-	SAMEA116282578	LV6000904914	-	-	assembly	-	no	no	Illumina NovaSeq X	Oligo-dT	RNA-Seq	YF-4364-RE044-1A	-	LIBRARY_CONSTRUCTION_PROTOCOL:The RNA sequencing library is prepared using the TruSeq Stranded mRNA Library Preparation Kit with poly-A selection (cat# 20020595, Illumina Inc.). Library preparation is performed according to the manufacturer's protocol (#1000000040498). Before library preparation, the quality and quantity of the samples are evaluated using either the Fragment Analyzer system (DNF-471 kit) or the TapeStation 4200 (RNA ScreenTape), both systems from Agilent Technologies.	150	-	YF-4364-RE044-1A_S64_L002_R1_001.fastq.gz	2e8c2a481ff0c32b39f9bcaed3e2f56d	YF-4364-RE044-1A_S64_L002_R2_001.fastq.gz	236c53740f02fd069ba3cab7cefbf64c								
SCILIFELAB	Decticus albifrons	iqDecAlbi3	-	SAMEA116283196	LV6000905102	-	-	assembly	-	no	no	Illumina NovaSeq X	Oligo-dT	RNA-Seq	YF-4364-RE045-1A	-	LIBRARY_CONSTRUCTION_PROTOCOL:The RNA sequencing library is prepared using the TruSeq Stranded mRNA Library Preparation Kit with poly-A selection (cat# 20020595, Illumina Inc.). Library preparation is performed according to the manufacturer's protocol (#1000000040498). Before library preparation, the quality and quantity of the samples are evaluated using either the Fragment Analyzer system (DNF-471 kit) or the TapeStation 4200 (RNA ScreenTape), both systems from Agilent Technologies.	150	-	YF-4364-RE045-1A_S20_L001_R1_001.fastq.gz	e04f43f3cc10bbb855146cc91359ccad	YF-4364-RE045-1A_S20_L001_R2_001.fastq.gz	6bdcfd977b99a91c7d50da069cf38ed2								
SCILIFELAB	Decticus albifrons	iqDecAlbi3	-	SAMEA116283196	LV6000905102	-	-	assembly	-	no	no	Illumina NovaSeq X	Oligo-dT	RNA-Seq	YF-4364-RE045-1A	-	LIBRARY_CONSTRUCTION_PROTOCOL:The RNA sequencing library is prepared using the TruSeq Stranded mRNA Library Preparation Kit with poly-A selection (cat# 20020595, Illumina Inc.). Library preparation is performed according to the manufacturer's protocol (#1000000040498). Before library preparation, the quality and quantity of the samples are evaluated using either the Fragment Analyzer system (DNF-471 kit) or the TapeStation 4200 (RNA ScreenTape), both systems from Agilent Technologies.	150	-	YF-4364-RE045-1A_S65_L002_R1_001.fastq.gz	5a98d3a1a66d06cb0c9500d0caebe6ff	YF-4364-RE045-1A_S65_L002_R2_001.fastq.gz	6406d61978dc7c660b83994dc2f2d1ce								
SCILIFELAB	Platycleis falx	iqPlaFalx1	-	SAMEA116287181	LV6000903691	-	-	assembly	-	no	no	Illumina NovaSeq X	Oligo-dT	RNA-Seq	YF-4364-RE046-1A	-	LIBRARY_CONSTRUCTION_PROTOCOL:The RNA sequencing library is prepared using the TruSeq Stranded mRNA Library Preparation Kit with poly-A selection (cat# 20020595, Illumina Inc.). Library preparation is performed according to the manufacturer's protocol (#1000000040498). Before library preparation, the quality and quantity of the samples are evaluated using either the Fragment Analyzer system (DNF-471 kit) or the TapeStation 4200 (RNA ScreenTape), both systems from Agilent Technologies.	150	-	YF-4364-RE046-1A_S21_L001_R1_001.fastq.gz	bcaab0e7897d6b388c80c598ecee99ca	YF-4364-RE046-1A_S21_L001_R2_001.fastq.gz	2ecc6305c1fd37df31b141483d7dafc9								
SCILIFELAB	Platycleis falx	iqPlaFalx1	-	SAMEA116287181	LV6000903691	-	-	assembly	-	no	no	Illumina NovaSeq X	Oligo-dT	RNA-Seq	YF-4364-RE046-1A	-	LIBRARY_CONSTRUCTION_PROTOCOL:The RNA sequencing library is prepared using the TruSeq Stranded mRNA Library Preparation Kit with poly-A selection (cat# 20020595, Illumina Inc.). Library preparation is performed according to the manufacturer's protocol (#1000000040498). Before library preparation, the quality and quantity of the samples are evaluated using either the Fragment Analyzer system (DNF-471 kit) or the TapeStation 4200 (RNA ScreenTape), both systems from Agilent Technologies.	150	-	YF-4364-RE046-1A_S66_L002_R1_001.fastq.gz	cb79fc3c395b6c47fa7d424e746fdc55	YF-4364-RE046-1A_S66_L002_R2_001.fastq.gz	613e1dc8f4f7b60bca5ae4ac954cfe7a								
SCILIFELAB	Sphingonotus rubescens	iqSphRube1	-	SAMEA116287544	LV6000908963	-	-	assembly	-	no	no	Illumina NovaSeq X	Oligo-dT	RNA-Seq	YF-4364-RE047-1A	-	LIBRARY_CONSTRUCTION_PROTOCOL:The RNA sequencing library is prepared using the TruSeq Stranded mRNA Library Preparation Kit with poly-A selection (cat# 20020595, Illumina Inc.). Library preparation is performed according to the manufacturer's protocol (#1000000040498). Before library preparation, the quality and quantity of the samples are evaluated using either the Fragment Analyzer system (DNF-471 kit) or the TapeStation 4200 (RNA ScreenTape), both systems from Agilent Technologies.	150	-	YF-4364-RE047-1A_S22_L001_R1_001.fastq.gz	7cfa0ba3643895de216564b5b3f113ef	YF-4364-RE047-1A_S22_L001_R2_001.fastq.gz	5916616eff5b667818f937009581bcfd								
SCILIFELAB	Sphingonotus rubescens	iqSphRube1	-	SAMEA116287544	LV6000908963	-	-	assembly	-	no	no	Illumina NovaSeq X	Oligo-dT	RNA-Seq	YF-4364-RE047-1A	-	LIBRARY_CONSTRUCTION_PROTOCOL:The RNA sequencing library is prepared using the TruSeq Stranded mRNA Library Preparation Kit with poly-A selection (cat# 20020595, Illumina Inc.). Library preparation is performed according to the manufacturer's protocol (#1000000040498). Before library preparation, the quality and quantity of the samples are evaluated using either the Fragment Analyzer system (DNF-471 kit) or the TapeStation 4200 (RNA ScreenTape), both systems from Agilent Technologies.	150	-	YF-4364-RE047-1A_S67_L002_R1_001.fastq.gz	b2bc62d370b1aedc0885d96ef1fbf789	YF-4364-RE047-1A_S67_L002_R2_001.fastq.gz	26312474af37b71ec1c683a97beb021a								
SCILIFELAB	Anthophora rogenhoferi	iyAntRoge3	-	SAMEA116299000	LV6000659260	-	-	assembly	-	no	no	Illumina NovaSeq X	Oligo-dT	RNA-Seq	YF-4364-RE048-1A	-	LIBRARY_CONSTRUCTION_PROTOCOL:The RNA sequencing library is prepared using the TruSeq Stranded mRNA Library Preparation Kit with poly-A selection (cat# 20020595, Illumina Inc.). Library preparation is performed according to the manufacturer's protocol (#1000000040498). Before library preparation, the quality and quantity of the samples are evaluated using either the Fragment Analyzer system (DNF-471 kit) or the TapeStation 4200 (RNA ScreenTape), both systems from Agilent Technologies.	150	-	YF-4364-RE048-1A_S23_L001_R1_001.fastq.gz	c17ec1a9164bf9ffc22e865ba477ac11	YF-4364-RE048-1A_S23_L001_R2_001.fastq.gz	095411aad685b57ab1881bf576d141da								
SCILIFELAB	Anthophora rogenhoferi	iyAntRoge3	-	SAMEA116299000	LV6000659260	-	-	assembly	-	no	no	Illumina NovaSeq X	Oligo-dT	RNA-Seq	YF-4364-RE048-1A	-	LIBRARY_CONSTRUCTION_PROTOCOL:The RNA sequencing library is prepared using the TruSeq Stranded mRNA Library Preparation Kit with poly-A selection (cat# 20020595, Illumina Inc.). Library preparation is performed according to the manufacturer's protocol (#1000000040498). Before library preparation, the quality and quantity of the samples are evaluated using either the Fragment Analyzer system (DNF-471 kit) or the TapeStation 4200 (RNA ScreenTape), both systems from Agilent Technologies.	150	-	YF-4364-RE048-1A_S68_L002_R1_001.fastq.gz	43b497f04a50b68255a54a8a9677caac	YF-4364-RE048-1A_S68_L002_R2_001.fastq.gz	8a9153a2b01d8322671f289ebb26de97								
SCILIFELAB	Cataglyphis aphrodite	iyCatAphr21	-	SAMEA116289142	LV6000912123	-	-	assembly	-	no	no	Illumina NovaSeq X	Oligo-dT	RNA-Seq	YF-4364-RE049-1A	-	LIBRARY_CONSTRUCTION_PROTOCOL:The RNA sequencing library is prepared using the TruSeq Stranded mRNA Library Preparation Kit with poly-A selection (cat# 20020595, Illumina Inc.). Library preparation is performed according to the manufacturer's protocol (#1000000040498). Before library preparation, the quality and quantity of the samples are evaluated using either the Fragment Analyzer system (DNF-471 kit) or the TapeStation 4200 (RNA ScreenTape), both systems from Agilent Technologies.	150	-	YF-4364-RE049-1A_S24_L001_R1_001.fastq.gz	1de64383ac95928964c796847c0221f7	YF-4364-RE049-1A_S24_L001_R2_001.fastq.gz	1682b230215ee9883d0520c401712789								
SCILIFELAB	Cataglyphis aphrodite	iyCatAphr21	-	SAMEA116289142	LV6000912123	-	-	assembly	-	no	no	Illumina NovaSeq X	Oligo-dT	RNA-Seq	YF-4364-RE049-1A	-	LIBRARY_CONSTRUCTION_PROTOCOL:The RNA sequencing library is prepared using the TruSeq Stranded mRNA Library Preparation Kit with poly-A selection (cat# 20020595, Illumina Inc.). Library preparation is performed according to the manufacturer's protocol (#1000000040498). Before library preparation, the quality and quantity of the samples are evaluated using either the Fragment Analyzer system (DNF-471 kit) or the TapeStation 4200 (RNA ScreenTape), both systems from Agilent Technologies.	150	-	YF-4364-RE049-1A_S69_L002_R1_001.fastq.gz	1547f4d90e5b92b7c05c1e835991cf9b	YF-4364-RE049-1A_S69_L002_R2_001.fastq.gz	089603d58a2ca9f3f894a1ba177ecdcc								
SCILIFELAB	Ceratina cypriaca	iyCerCypr2	-	SAMEA116289346	LV6000912598	-	-	assembly	-	no	no	Illumina NovaSeq X	Oligo-dT	RNA-Seq	YF-4364-RE050-1A	-	LIBRARY_CONSTRUCTION_PROTOCOL:The RNA sequencing library is prepared using the TruSeq Stranded mRNA Library Preparation Kit with poly-A selection (cat# 20020595, Illumina Inc.). Library preparation is performed according to the manufacturer's protocol (#1000000040498). Before library preparation, the quality and quantity of the samples are evaluated using either the Fragment Analyzer system (DNF-471 kit) or the TapeStation 4200 (RNA ScreenTape), both systems from Agilent Technologies.	150	-	YF-4364-RE050-1A_S25_L001_R1_001.fastq.gz	a2fba7ee5946a0a89839bcfb4f2a201a	YF-4364-RE050-1A_S25_L001_R2_001.fastq.gz	f4a79dcafe68a482c8b8d4d31562f96b								
SCILIFELAB	Ceratina cypriaca	iyCerCypr2	-	SAMEA116289346	LV6000912598	-	-	assembly	-	no	no	Illumina NovaSeq X	Oligo-dT	RNA-Seq	YF-4364-RE050-1A	-	LIBRARY_CONSTRUCTION_PROTOCOL:The RNA sequencing library is prepared using the TruSeq Stranded mRNA Library Preparation Kit with poly-A selection (cat# 20020595, Illumina Inc.). Library preparation is performed according to the manufacturer's protocol (#1000000040498). Before library preparation, the quality and quantity of the samples are evaluated using either the Fragment Analyzer system (DNF-471 kit) or the TapeStation 4200 (RNA ScreenTape), both systems from Agilent Technologies.	150	-	YF-4364-RE050-1A_S70_L002_R1_001.fastq.gz	a30cbeb9157f5b365e62ff7daebdf568	YF-4364-RE050-1A_S70_L002_R2_001.fastq.gz	d5a4a6f3834d80eddc5b4bcb6f9bc97e								
SCILIFELAB	Colletes cyprius	iyColCypr1	-	SAMEA116299214	LV6000911862	-	-	assembly	-	no	no	Illumina NovaSeq X	Oligo-dT	RNA-Seq	YF-4364-RE051-1A	-	LIBRARY_CONSTRUCTION_PROTOCOL:The RNA sequencing library is prepared using the TruSeq Stranded mRNA Library Preparation Kit with poly-A selection (cat# 20020595, Illumina Inc.). Library preparation is performed according to the manufacturer's protocol (#1000000040498). Before library preparation, the quality and quantity of the samples are evaluated using either the Fragment Analyzer system (DNF-471 kit) or the TapeStation 4200 (RNA ScreenTape), both systems from Agilent Technologies.	150	-	YF-4364-RE051-1A_S26_L001_R1_001.fastq.gz	e32ed6b1eddb135531df6d88e84b002f	YF-4364-RE051-1A_S26_L001_R2_001.fastq.gz	119c18d2e09a27daba245e37c2ba62c6								
SCILIFELAB	Colletes cyprius	iyColCypr1	-	SAMEA116299214	LV6000911862	-	-	assembly	-	no	no	Illumina NovaSeq X	Oligo-dT	RNA-Seq	YF-4364-RE051-1A	-	LIBRARY_CONSTRUCTION_PROTOCOL:The RNA sequencing library is prepared using the TruSeq Stranded mRNA Library Preparation Kit with poly-A selection (cat# 20020595, Illumina Inc.). Library preparation is performed according to the manufacturer's protocol (#1000000040498). Before library preparation, the quality and quantity of the samples are evaluated using either the Fragment Analyzer system (DNF-471 kit) or the TapeStation 4200 (RNA ScreenTape), both systems from Agilent Technologies.	150	-	YF-4364-RE051-1A_S71_L002_R1_001.fastq.gz	e282930a07bc4c46818f753a0b5aa80c	YF-4364-RE051-1A_S71_L002_R2_001.fastq.gz	aa7169961fe9276ad8777ce46f80a822								
SCILIFELAB	Compsidolon pterocephali	ihConPter6	-	SAMEA116289366	LV6000912627	-	-	assembly	-	no	no	Illumina NovaSeq X	Oligo-dT	RNA-Seq	YF-4364-RE052-1A	-	LIBRARY_CONSTRUCTION_PROTOCOL:The RNA sequencing library is prepared using the TruSeq Stranded mRNA Library Preparation Kit with poly-A selection (cat# 20020595, Illumina Inc.). Library preparation is performed according to the manufacturer's protocol (#1000000040498). Before library preparation, the quality and quantity of the samples are evaluated using either the Fragment Analyzer system (DNF-471 kit) or the TapeStation 4200 (RNA ScreenTape), both systems from Agilent Technologies.	150	-	YF-4364-RE052-1A_S27_L001_R1_001.fastq.gz	8cd75f2feef18eb9b4c6d622dbfd6354	YF-4364-RE052-1A_S27_L001_R2_001.fastq.gz	08704a3aee77b35fef01e89ab1ec0b78								
SCILIFELAB	Compsidolon pterocephali	ihConPter6	-	SAMEA116289366	LV6000912627	-	-	assembly	-	no	no	Illumina NovaSeq X	Oligo-dT	RNA-Seq	YF-4364-RE052-1A	-	LIBRARY_CONSTRUCTION_PROTOCOL:The RNA sequencing library is prepared using the TruSeq Stranded mRNA Library Preparation Kit with poly-A selection (cat# 20020595, Illumina Inc.). Library preparation is performed according to the manufacturer's protocol (#1000000040498). Before library preparation, the quality and quantity of the samples are evaluated using either the Fragment Analyzer system (DNF-471 kit) or the TapeStation 4200 (RNA ScreenTape), both systems from Agilent Technologies.	150	-	YF-4364-RE052-1A_S72_L002_R1_001.fastq.gz	fd157e9e7d3a31c06e9d484127bed0d2	YF-4364-RE052-1A_S72_L002_R2_001.fastq.gz	be5d7ca24e1b3bb5e1166a465dd4efc3								
SCILIFELAB	Eucera mavromoustakisi	iyEucMavr2	-	SAMEA116299230	LV6000911915	-	-	assembly	-	no	no	Illumina NovaSeq X	Oligo-dT	RNA-Seq	YF-4364-RE053-1A	-	LIBRARY_CONSTRUCTION_PROTOCOL:The RNA sequencing library is prepared using the TruSeq Stranded mRNA Library Preparation Kit with poly-A selection (cat# 20020595, Illumina Inc.). Library preparation is performed according to the manufacturer's protocol (#1000000040498). Before library preparation, the quality and quantity of the samples are evaluated using either the Fragment Analyzer system (DNF-471 kit) or the TapeStation 4200 (RNA ScreenTape), both systems from Agilent Technologies.	150	-	YF-4364-RE053-1A_S28_L001_R1_001.fastq.gz	23a38721caa307cab220281738eeabc4	YF-4364-RE053-1A_S28_L001_R2_001.fastq.gz	785ce275bd7fd4ef4dfd96a9f097f80d								
SCILIFELAB	Eucera mavromoustakisi	iyEucMavr2	-	SAMEA116299230	LV6000911915	-	-	assembly	-	no	no	Illumina NovaSeq X	Oligo-dT	RNA-Seq	YF-4364-RE053-1A	-	LIBRARY_CONSTRUCTION_PROTOCOL:The RNA sequencing library is prepared using the TruSeq Stranded mRNA Library Preparation Kit with poly-A selection (cat# 20020595, Illumina Inc.). Library preparation is performed according to the manufacturer's protocol (#1000000040498). Before library preparation, the quality and quantity of the samples are evaluated using either the Fragment Analyzer system (DNF-471 kit) or the TapeStation 4200 (RNA ScreenTape), both systems from Agilent Technologies.	150	-	YF-4364-RE053-1A_S73_L002_R1_001.fastq.gz	e3f48a2258cf49473420e64df33c2f21	YF-4364-RE053-1A_S73_L002_R2_001.fastq.gz	79a95cff59ec6bb49a20cc5765ceaa7c								
SCILIFELAB	Eutagenia annae	icEutAnna15	-	SAMEA116289258	LV6000912026	-	-	assembly	-	no	no	Illumina NovaSeq X	Oligo-dT	RNA-Seq	YF-4364-RE054-2A	-	LIBRARY_CONSTRUCTION_PROTOCOL:The RNA sequencing library is prepared using the TruSeq Stranded mRNA Library Preparation Kit with poly-A selection (cat# 20020595, Illumina Inc.). Library preparation is performed according to the manufacturer's protocol (#1000000040498). Before library preparation, the quality and quantity of the samples are evaluated using either the Fragment Analyzer system (DNF-471 kit) or the TapeStation 4200 (RNA ScreenTape), both systems from Agilent Technologies.	150	-	YF-4364-RE054-2A_S29_L001_R1_001.fastq.gz	d1aed9d7a2bf4f4f4249affa4adf53ea	YF-4364-RE054-2A_S29_L001_R2_001.fastq.gz	f8c15aef94bf06988dda868d6735d38a								
SCILIFELAB	Eutagenia annae	icEutAnna15	-	SAMEA116289258	LV6000912026	-	-	assembly	-	no	no	Illumina NovaSeq X	Oligo-dT	RNA-Seq	YF-4364-RE054-2A	-	LIBRARY_CONSTRUCTION_PROTOCOL:The RNA sequencing library is prepared using the TruSeq Stranded mRNA Library Preparation Kit with poly-A selection (cat# 20020595, Illumina Inc.). Library preparation is performed according to the manufacturer's protocol (#1000000040498). Before library preparation, the quality and quantity of the samples are evaluated using either the Fragment Analyzer system (DNF-471 kit) or the TapeStation 4200 (RNA ScreenTape), both systems from Agilent Technologies.	150	-	YF-4364-RE054-2A_S74_L002_R1_001.fastq.gz	e7a9c6f391362e9af66b8b965cc2d931	YF-4364-RE054-2A_S74_L002_R2_001.fastq.gz	0f410c50d2224413b5ff43b587173533								
SCILIFELAB	Halictus nicosiae	iyHalNico4	-	SAMEA116299219	LV6000911861	-	-	assembly	-	no	no	Illumina NovaSeq X	Oligo-dT	RNA-Seq	YF-4364-RE055-1A	-	LIBRARY_CONSTRUCTION_PROTOCOL:The RNA sequencing library is prepared using the TruSeq Stranded mRNA Library Preparation Kit with poly-A selection (cat# 20020595, Illumina Inc.). Library preparation is performed according to the manufacturer's protocol (#1000000040498). Before library preparation, the quality and quantity of the samples are evaluated using either the Fragment Analyzer system (DNF-471 kit) or the TapeStation 4200 (RNA ScreenTape), both systems from Agilent Technologies.	150	-	YF-4364-RE055-1A_S30_L001_R1_001.fastq.gz	38c98a6dec51095ab02aedb36f5ba4de	YF-4364-RE055-1A_S30_L001_R2_001.fastq.gz	b5ec3f1276e3b18496b9ffd66c79ae49								
SCILIFELAB	Halictus nicosiae	iyHalNico4	-	SAMEA116299219	LV6000911861	-	-	assembly	-	no	no	Illumina NovaSeq X	Oligo-dT	RNA-Seq	YF-4364-RE055-1A	-	LIBRARY_CONSTRUCTION_PROTOCOL:The RNA sequencing library is prepared using the TruSeq Stranded mRNA Library Preparation Kit with poly-A selection (cat# 20020595, Illumina Inc.). Library preparation is performed according to the manufacturer's protocol (#1000000040498). Before library preparation, the quality and quantity of the samples are evaluated using either the Fragment Analyzer system (DNF-471 kit) or the TapeStation 4200 (RNA ScreenTape), both systems from Agilent Technologies.	150	-	YF-4364-RE055-1A_S75_L002_R1_001.fastq.gz	2614a9bfc609d32649cbbe137e7ebc5c	YF-4364-RE055-1A_S75_L002_R2_001.fastq.gz	bb5da565232427be8c71f8120e558a3e								
SCILIFELAB	Megachile posti	iyMegPost2	-	SAMEA116288894	LV6000912700_LV6000912692	-	-	assembly	-	no	no	Illumina NovaSeq X	Oligo-dT	RNA-Seq	YF-4364-RE056-1A	-	LIBRARY_CONSTRUCTION_PROTOCOL:The RNA sequencing library is prepared using the TruSeq Stranded mRNA Library Preparation Kit with poly-A selection (cat# 20020595, Illumina Inc.). Library preparation is performed according to the manufacturer's protocol (#1000000040498). Before library preparation, the quality and quantity of the samples are evaluated using either the Fragment Analyzer system (DNF-471 kit) or the TapeStation 4200 (RNA ScreenTape), both systems from Agilent Technologies.	150	-	YF-4364-RE056-1A_S31_L001_R1_001.fastq.gz	d089c1d087da592a93b24d2ea6ef8425	YF-4364-RE056-1A_S31_L001_R2_001.fastq.gz	79211faebb6785642e89ad21b9e427f2								
SCILIFELAB	Megachile posti	iyMegPost2	-	SAMEA116288894	LV6000912700_LV6000912692	-	-	assembly	-	no	no	Illumina NovaSeq X	Oligo-dT	RNA-Seq	YF-4364-RE056-1A	-	LIBRARY_CONSTRUCTION_PROTOCOL:The RNA sequencing library is prepared using the TruSeq Stranded mRNA Library Preparation Kit with poly-A selection (cat# 20020595, Illumina Inc.). Library preparation is performed according to the manufacturer's protocol (#1000000040498). Before library preparation, the quality and quantity of the samples are evaluated using either the Fragment Analyzer system (DNF-471 kit) or the TapeStation 4200 (RNA ScreenTape), both systems from Agilent Technologies.	150	-	YF-4364-RE056-1A_S76_L002_R1_001.fastq.gz	12faa4c76b69c8a18c4c043ec68efd83	YF-4364-RE056-1A_S76_L002_R2_001.fastq.gz	dc06ddaf2a9f2cd42471da62a7453b0a								
SCILIFELAB	Messor bucephalus	iyMesBuce3	-	SAMEA116289137	LV6000912124	-	-	assembly	-	no	no	Illumina NovaSeq X	Oligo-dT	RNA-Seq	YF-4364-RE057-1A	-	LIBRARY_CONSTRUCTION_PROTOCOL:The RNA sequencing library is prepared using the TruSeq Stranded mRNA Library Preparation Kit with poly-A selection (cat# 20020595, Illumina Inc.). Library preparation is performed according to the manufacturer's protocol (#1000000040498). Before library preparation, the quality and quantity of the samples are evaluated using either the Fragment Analyzer system (DNF-471 kit) or the TapeStation 4200 (RNA ScreenTape), both systems from Agilent Technologies.	150	-	YF-4364-RE057-1A_S32_L001_R1_001.fastq.gz	906cfa0d4958de56d12bde43a570c615	YF-4364-RE057-1A_S32_L001_R2_001.fastq.gz	30a0a84eae971b04137f355fd8f0036f								
SCILIFELAB	Messor bucephalus	iyMesBuce3	-	SAMEA116289137	LV6000912124	-	-	assembly	-	no	no	Illumina NovaSeq X	Oligo-dT	RNA-Seq	YF-4364-RE057-1A	-	LIBRARY_CONSTRUCTION_PROTOCOL:The RNA sequencing library is prepared using the TruSeq Stranded mRNA Library Preparation Kit with poly-A selection (cat# 20020595, Illumina Inc.). Library preparation is performed according to the manufacturer's protocol (#1000000040498). Before library preparation, the quality and quantity of the samples are evaluated using either the Fragment Analyzer system (DNF-471 kit) or the TapeStation 4200 (RNA ScreenTape), both systems from Agilent Technologies.	150	-	YF-4364-RE057-1A_S77_L002_R1_001.fastq.gz	425c643030da90060b1043facf62c4bf	YF-4364-RE057-1A_S77_L002_R2_001.fastq.gz	23dcec2a4017fbd3d88c4cf800e6115a								
SCILIFELAB	Messor orientalis	iyMesOrie8	-	SAMEA116299519	LV6000912109	-	-	assembly	-	no	no	Illumina NovaSeq X	Oligo-dT	RNA-Seq	YF-4364-RE058-1A	-	LIBRARY_CONSTRUCTION_PROTOCOL:The RNA sequencing library is prepared using the TruSeq Stranded mRNA Library Preparation Kit with poly-A selection (cat# 20020595, Illumina Inc.). Library preparation is performed according to the manufacturer's protocol (#1000000040498). Before library preparation, the quality and quantity of the samples are evaluated using either the Fragment Analyzer system (DNF-471 kit) or the TapeStation 4200 (RNA ScreenTape), both systems from Agilent Technologies.	150	-	YF-4364-RE058-1A_S33_L001_R1_001.fastq.gz	f915c7aa99e7ba111bddce8b6062272e	YF-4364-RE058-1A_S33_L001_R2_001.fastq.gz	6402f36bd02cef5e826b2092b12b0583								
SCILIFELAB	Messor orientalis	iyMesOrie8	-	SAMEA116299519	LV6000912109	-	-	assembly	-	no	no	Illumina NovaSeq X	Oligo-dT	RNA-Seq	YF-4364-RE058-1A	-	LIBRARY_CONSTRUCTION_PROTOCOL:The RNA sequencing library is prepared using the TruSeq Stranded mRNA Library Preparation Kit with poly-A selection (cat# 20020595, Illumina Inc.). Library preparation is performed according to the manufacturer's protocol (#1000000040498). Before library preparation, the quality and quantity of the samples are evaluated using either the Fragment Analyzer system (DNF-471 kit) or the TapeStation 4200 (RNA ScreenTape), both systems from Agilent Technologies.	150	-	YF-4364-RE058-1A_S78_L002_R1_001.fastq.gz	b5ebac8ca3e8bd83b5ef9f736ab65a9b	YF-4364-RE058-1A_S78_L002_R2_001.fastq.gz	e59cbc528911094b4f18a50706f97779								
SCILIFELAB	Stenosis austini	icSteAust8	-	SAMEA116289230	LV6000912687	-	-	assembly	-	no	no	Illumina NovaSeq X	Oligo-dT	RNA-Seq	YF-4364-RE059-1A	-	LIBRARY_CONSTRUCTION_PROTOCOL:The RNA sequencing library is prepared using the TruSeq Stranded mRNA Library Preparation Kit with poly-A selection (cat# 20020595, Illumina Inc.). Library preparation is performed according to the manufacturer's protocol (#1000000040498). Before library preparation, the quality and quantity of the samples are evaluated using either the Fragment Analyzer system (DNF-471 kit) or the TapeStation 4200 (RNA ScreenTape), both systems from Agilent Technologies.	150	-	YF-4364-RE059-1A_S34_L001_R1_001.fastq.gz	59fc0967c1486f5a101f9d344d5be97f	YF-4364-RE059-1A_S34_L001_R2_001.fastq.gz	76e8a92d6fe0d527d15b5f06a4ceb633								
SCILIFELAB	Stenosis austini	icSteAust8	-	SAMEA116289230	LV6000912687	-	-	assembly	-	no	no	Illumina NovaSeq X	Oligo-dT	RNA-Seq	YF-4364-RE059-1A	-	LIBRARY_CONSTRUCTION_PROTOCOL:The RNA sequencing library is prepared using the TruSeq Stranded mRNA Library Preparation Kit with poly-A selection (cat# 20020595, Illumina Inc.). Library preparation is performed according to the manufacturer's protocol (#1000000040498). Before library preparation, the quality and quantity of the samples are evaluated using either the Fragment Analyzer system (DNF-471 kit) or the TapeStation 4200 (RNA ScreenTape), both systems from Agilent Technologies.	150	-	YF-4364-RE059-1A_S79_L002_R1_001.fastq.gz	6eee6571ef4160595d25faa390b1df53	YF-4364-RE059-1A_S79_L002_R2_001.fastq.gz	9dc8fb30a384e27fca3b0edb13797c07								
SCILIFELAB	Aphis hillerislambersi	ihAphHill9	-	SAMEA116282515	LV6000904602	-	-	assembly	-	no	no	Illumina NovaSeq X	Oligo-dT	RNA-Seq	YF-4364-RE060-1A	-	LIBRARY_CONSTRUCTION_PROTOCOL:The RNA sequencing library is prepared using the TruSeq Stranded mRNA Library Preparation Kit with poly-A selection (cat# 20020595, Illumina Inc.). Library preparation is performed according to the manufacturer's protocol (#1000000040498). Before library preparation, the quality and quantity of the samples are evaluated using either the Fragment Analyzer system (DNF-471 kit) or the TapeStation 4200 (RNA ScreenTape), both systems from Agilent Technologies.	150	-	YF-4364-RE060-1A_S35_L001_R1_001.fastq.gz	ba9786c0639668c97844bd443ac90cb0	YF-4364-RE060-1A_S35_L001_R2_001.fastq.gz	dd51d814b48bc1c5d2b76c4aa989c3e6								
SCILIFELAB	Aphis hillerislambersi	ihAphHill9	-	SAMEA116282515	LV6000904602	-	-	assembly	-	no	no	Illumina NovaSeq X	Oligo-dT	RNA-Seq	YF-4364-RE060-1A	-	LIBRARY_CONSTRUCTION_PROTOCOL:The RNA sequencing library is prepared using the TruSeq Stranded mRNA Library Preparation Kit with poly-A selection (cat# 20020595, Illumina Inc.). Library preparation is performed according to the manufacturer's protocol (#1000000040498). Before library preparation, the quality and quantity of the samples are evaluated using either the Fragment Analyzer system (DNF-471 kit) or the TapeStation 4200 (RNA ScreenTape), both systems from Agilent Technologies.	150	-	YF-4364-RE060-1A_S80_L002_R1_001.fastq.gz	24cfbcdfecb66df2004a25c556fa3510	YF-4364-RE060-1A_S80_L002_R2_001.fastq.gz	38e3e97e2271a4331d03ca5c4c268c3f								
SCILIFELAB	Bombus ruderatus	iyBomRudr2	-	SAMEA116283034	LV6000905150	-	-	assembly	-	no	no	Illumina NovaSeq X	Oligo-dT	RNA-Seq	YF-4364-RE061-1A	-	LIBRARY_CONSTRUCTION_PROTOCOL:The RNA sequencing library is prepared using the TruSeq Stranded mRNA Library Preparation Kit with poly-A selection (cat# 20020595, Illumina Inc.). Library preparation is performed according to the manufacturer's protocol (#1000000040498). Before library preparation, the quality and quantity of the samples are evaluated using either the Fragment Analyzer system (DNF-471 kit) or the TapeStation 4200 (RNA ScreenTape), both systems from Agilent Technologies.	150	-	YF-4364-RE061-1A_S36_L001_R1_001.fastq.gz	e37c3b4b167c16dc2c2858ef239b598a	YF-4364-RE061-1A_S36_L001_R2_001.fastq.gz	dc4e68760508d49372a15aeca0c8ed3b								
SCILIFELAB	Bombus ruderatus	iyBomRudr2	-	SAMEA116283034	LV6000905150	-	-	assembly	-	no	no	Illumina NovaSeq X	Oligo-dT	RNA-Seq	YF-4364-RE061-1A	-	LIBRARY_CONSTRUCTION_PROTOCOL:The RNA sequencing library is prepared using the TruSeq Stranded mRNA Library Preparation Kit with poly-A selection (cat# 20020595, Illumina Inc.). Library preparation is performed according to the manufacturer's protocol (#1000000040498). Before library preparation, the quality and quantity of the samples are evaluated using either the Fragment Analyzer system (DNF-471 kit) or the TapeStation 4200 (RNA ScreenTape), both systems from Agilent Technologies.	150	-	YF-4364-RE061-1A_S81_L002_R1_001.fastq.gz	5e41fc0a5757542f45202c3199291e60	YF-4364-RE061-1A_S81_L002_R2_001.fastq.gz	b140963f243bd96c8ff17cb6201319c2								
SCILIFELAB	Dactylopius coccus	ihDacCocc7	-	SAMEA116283222	LV6000903709	-	-	assembly	-	no	no	Illumina NovaSeq X	Oligo-dT	RNA-Seq	YF-4364-RE062-1A	-	LIBRARY_CONSTRUCTION_PROTOCOL:The RNA sequencing library is prepared using the TruSeq Stranded mRNA Library Preparation Kit with poly-A selection (cat# 20020595, Illumina Inc.). Library preparation is performed according to the manufacturer's protocol (#1000000040498). Before library preparation, the quality and quantity of the samples are evaluated using either the Fragment Analyzer system (DNF-471 kit) or the TapeStation 4200 (RNA ScreenTape), both systems from Agilent Technologies.	150	-	YF-4364-RE062-1A_S37_L001_R1_001.fastq.gz	64ba9ff41397198abcf7949d46552b68	YF-4364-RE062-1A_S37_L001_R2_001.fastq.gz	69e8282d86e9a3b3682d4cc3c59f6f51								
SCILIFELAB	Dactylopius coccus	ihDacCocc7	-	SAMEA116283222	LV6000903709	-	-	assembly	-	no	no	Illumina NovaSeq X	Oligo-dT	RNA-Seq	YF-4364-RE062-1A	-	LIBRARY_CONSTRUCTION_PROTOCOL:The RNA sequencing library is prepared using the TruSeq Stranded mRNA Library Preparation Kit with poly-A selection (cat# 20020595, Illumina Inc.). Library preparation is performed according to the manufacturer's protocol (#1000000040498). Before library preparation, the quality and quantity of the samples are evaluated using either the Fragment Analyzer system (DNF-471 kit) or the TapeStation 4200 (RNA ScreenTape), both systems from Agilent Technologies.	150	-	YF-4364-RE062-1A_S82_L002_R1_001.fastq.gz	1d3479957ff8416d5501972c2ab1d8e2	YF-4364-RE062-1A_S82_L002_R2_001.fastq.gz	9913c9811e33ac5511f79b0af55eea0e								
SCILIFELAB	Scarites abbreviatus	icScaAbbr4	-	SAMEA116326156	LV6000905033	-	-	assembly	-	no	no	Illumina NovaSeq X	Oligo-dT	RNA-Seq	YF-4364-RE064-1A	-	LIBRARY_CONSTRUCTION_PROTOCOL:The RNA sequencing library is prepared using the TruSeq Stranded mRNA Library Preparation Kit with poly-A selection (cat# 20020595, Illumina Inc.). Library preparation is performed according to the manufacturer's protocol (#1000000040498). Before library preparation, the quality and quantity of the samples are evaluated using either the Fragment Analyzer system (DNF-471 kit) or the TapeStation 4200 (RNA ScreenTape), both systems from Agilent Technologies.	150	-	YF-4364-RE064-1A_S38_L001_R1_001.fastq.gz	7b320b4db24f9467b4c8415ea7337851	YF-4364-RE064-1A_S38_L001_R2_001.fastq.gz	3ed9c1870e07464282b33508c6620456								
SCILIFELAB	Scarites abbreviatus	icScaAbbr4	-	SAMEA116326156	LV6000905033	-	-	assembly	-	no	no	Illumina NovaSeq X	Oligo-dT	RNA-Seq	YF-4364-RE064-1A	-	LIBRARY_CONSTRUCTION_PROTOCOL:The RNA sequencing library is prepared using the TruSeq Stranded mRNA Library Preparation Kit with poly-A selection (cat# 20020595, Illumina Inc.). Library preparation is performed according to the manufacturer's protocol (#1000000040498). Before library preparation, the quality and quantity of the samples are evaluated using either the Fragment Analyzer system (DNF-471 kit) or the TapeStation 4200 (RNA ScreenTape), both systems from Agilent Technologies.	150	-	YF-4364-RE064-1A_S83_L002_R1_001.fastq.gz	67128792199e035c68d1b839f79b2324	YF-4364-RE064-1A_S83_L002_R2_001.fastq.gz	9d277502b926122f494f813894ca0620								
SCILIFELAB	Monachus monachus	mMonMoa1	-	SAMEA117387579	FS42549316	-	-	assembly	-	no	no	Illumina NovaSeq X	Oligo-dT	RNA-Seq	YF-4364-RE065-1A	-	LIBRARY_CONSTRUCTION_PROTOCOL:The RNA sequencing library is prepared using the TruSeq Stranded mRNA Library Preparation Kit with poly-A selection (cat# 20020595, Illumina Inc.). Library preparation is performed according to the manufacturer's protocol (#1000000040498). Before library preparation, the quality and quantity of the samples are evaluated using either the Fragment Analyzer system (DNF-471 kit) or the TapeStation 4200 (RNA ScreenTape), both systems from Agilent Technologies.	150	-	YF-4364-RE065-1A_S39_L001_R1_001.fastq.gz	5fd4584efd4134180175ec0101a2c0ff	YF-4364-RE065-1A_S39_L001_R2_001.fastq.gz	b2163763ad2b99e0f7f0a2d00e8aa14e								
SCILIFELAB	Monachus monachus	mMonMoa1	-	SAMEA117387579	FS42549316	-	-	assembly	-	no	no	Illumina NovaSeq X	Oligo-dT	RNA-Seq	YF-4364-RE065-1A	-	LIBRARY_CONSTRUCTION_PROTOCOL:The RNA sequencing library is prepared using the TruSeq Stranded mRNA Library Preparation Kit with poly-A selection (cat# 20020595, Illumina Inc.). Library preparation is performed according to the manufacturer's protocol (#1000000040498). Before library preparation, the quality and quantity of the samples are evaluated using either the Fragment Analyzer system (DNF-471 kit) or the TapeStation 4200 (RNA ScreenTape), both systems from Agilent Technologies.	150	-	YF-4364-RE065-1A_S84_L002_R1_001.fastq.gz	6ab1955b3ace53c81dfeef91b2b4393a	YF-4364-RE065-1A_S84_L002_R2_001.fastq.gz	d10146b7f7b9682d54b11fb26e3240ea								
SCILIFELAB	Hydrurus foetidus	uoHydFoet1	-	SAMEA114553221	TM2301_HydFoe_25-4-23	-	-	assembly	-	no	no	Illumina NovaSeq X	Oligo-dT	RNA-Seq	YF-4364-RE066-1A1-2-pool	-	LIBRARY_CONSTRUCTION_PROTOCOL:The RNA sequencing library is prepared using the TruSeq Stranded mRNA Library Preparation Kit with poly-A selection (cat# 20020595, Illumina Inc.). Library preparation is performed according to the manufacturer's protocol (#1000000040498). Before library preparation, the quality and quantity of the samples are evaluated using either the Fragment Analyzer system (DNF-471 kit) or the TapeStation 4200 (RNA ScreenTape), both systems from Agilent Technologies.	150	-	YF-4364-RE066-1A1-2-pool_S40_L001_R1_001.fastq.gz	5a4ae8199eebdc2c78b011f3e4a6c3b2	YF-4364-RE066-1A1-2-pool_S40_L001_R2_001.fastq.gz	d84908b914cd2bec4b52df97ea87b527								
SCILIFELAB	Hydrurus foetidus	uoHydFoet1	-	SAMEA114553221	TM2301_HydFoe_25-4-23	-	-	assembly	-	no	no	Illumina NovaSeq X	Oligo-dT	RNA-Seq	YF-4364-RE066-1A1-2-pool	-	LIBRARY_CONSTRUCTION_PROTOCOL:The RNA sequencing library is prepared using the TruSeq Stranded mRNA Library Preparation Kit with poly-A selection (cat# 20020595, Illumina Inc.). Library preparation is performed according to the manufacturer's protocol (#1000000040498). Before library preparation, the quality and quantity of the samples are evaluated using either the Fragment Analyzer system (DNF-471 kit) or the TapeStation 4200 (RNA ScreenTape), both systems from Agilent Technologies.	150	-	YF-4364-RE066-1A1-2-pool_S85_L002_R1_001.fastq.gz	105cfb8f7e8d52e58d0844f686db020f	YF-4364-RE066-1A1-2-pool_S85_L002_R2_001.fastq.gz	174c68e9887e3f77b891567f6ecf945f								
SCILIFELAB	Agrilus gianassoi	icAgrGian4	-	SAMEA116289312	LV6000912612	-	-	assembly	-	no	no	Illumina NovaSeq X	Oligo-dT	RNA-Seq	YF-4364-RE067-1A	-	LIBRARY_CONSTRUCTION_PROTOCOL:The RNA sequencing library is prepared using the TruSeq Stranded mRNA Library Preparation Kit with poly-A selection (cat# 20020595, Illumina Inc.). Library preparation is performed according to the manufacturer's protocol (#1000000040498). Before library preparation, the quality and quantity of the samples are evaluated using either the Fragment Analyzer system (DNF-471 kit) or the TapeStation 4200 (RNA ScreenTape), both systems from Agilent Technologies.	150	-	YF-4364-RE067-1A_S41_L001_R1_001.fastq.gz	f180b267c6999906b47601b8af504b36	YF-4364-RE067-1A_S41_L001_R2_001.fastq.gz	4317acf90aa975012b4c5c2167d4ca25								
SCILIFELAB	Agrilus gianassoi	icAgrGian4	-	SAMEA116289312	LV6000912612	-	-	assembly	-	no	no	Illumina NovaSeq X	Oligo-dT	RNA-Seq	YF-4364-RE067-1A	-	LIBRARY_CONSTRUCTION_PROTOCOL:The RNA sequencing library is prepared using the TruSeq Stranded mRNA Library Preparation Kit with poly-A selection (cat# 20020595, Illumina Inc.). Library preparation is performed according to the manufacturer's protocol (#1000000040498). Before library preparation, the quality and quantity of the samples are evaluated using either the Fragment Analyzer system (DNF-471 kit) or the TapeStation 4200 (RNA ScreenTape), both systems from Agilent Technologies.	150	-	YF-4364-RE067-1A_S86_L002_R1_001.fastq.gz	b9ff797fa5458464ceb342533cb85cc4	YF-4364-RE067-1A_S86_L002_R2_001.fastq.gz	27ac9b3ebdc46ec6d84a84591cdbd2dd								
SCILIFELAB	Brachydesmus stygivagus	qdBraStyg3	-	SAMEA115929028	LV6000914151_LV6000914150	-	-	assembly	-	no	no	Illumina NovaSeq X	Oligo-dT	RNA-Seq	YF-4364-RE068-2A	-	LIBRARY_CONSTRUCTION_PROTOCOL:The RNA sequencing library is prepared using the TruSeq Stranded mRNA Library Preparation Kit with poly-A selection (cat# 20020595, Illumina Inc.). Library preparation is performed according to the manufacturer's protocol (#1000000040498). Before library preparation, the quality and quantity of the samples are evaluated using either the Fragment Analyzer system (DNF-471 kit) or the TapeStation 4200 (RNA ScreenTape), both systems from Agilent Technologies.	150	-	YF-4364-RE068-2A_S42_L001_R1_001.fastq.gz	3ff058bdbbb7273b2dec6f12558e93a0	YF-4364-RE068-2A_S42_L001_R2_001.fastq.gz	9f2ba5b4d56205a1a89529269594f27b								
SCILIFELAB	Brachydesmus stygivagus	qdBraStyg3	-	SAMEA115929028	LV6000914151_LV6000914150	-	-	assembly	-	no	no	Illumina NovaSeq X	Oligo-dT	RNA-Seq	YF-4364-RE068-2A	-	LIBRARY_CONSTRUCTION_PROTOCOL:The RNA sequencing library is prepared using the TruSeq Stranded mRNA Library Preparation Kit with poly-A selection (cat# 20020595, Illumina Inc.). Library preparation is performed according to the manufacturer's protocol (#1000000040498). Before library preparation, the quality and quantity of the samples are evaluated using either the Fragment Analyzer system (DNF-471 kit) or the TapeStation 4200 (RNA ScreenTape), both systems from Agilent Technologies.	150	-	YF-4364-RE068-2A_S87_L002_R1_001.fastq.gz	e6874440bbeafcb22e01b170dd54105d	YF-4364-RE068-2A_S87_L002_R2_001.fastq.gz	0c563999ad54c08db55f7951bf88d12e								
SCILIFELAB	Maniola cypricola	ilManCypr4	-	SAMEA116289206	LV6000912707	-	-	assembly	-	no	no	Illumina NovaSeq X	Oligo-dT	RNA-Seq	YF-4364-RE070-1A	-	LIBRARY_CONSTRUCTION_PROTOCOL:The RNA sequencing library is prepared using the TruSeq Stranded mRNA Library Preparation Kit with poly-A selection (cat# 20020595, Illumina Inc.). Library preparation is performed according to the manufacturer's protocol (#1000000040498). Before library preparation, the quality and quantity of the samples are evaluated using either the Fragment Analyzer system (DNF-471 kit) or the TapeStation 4200 (RNA ScreenTape), both systems from Agilent Technologies.	150	-	YF-4364-RE070-1A_S44_L001_R1_001.fastq.gz	300ce563e5c2409b0da67fdfb310b531	YF-4364-RE070-1A_S44_L001_R2_001.fastq.gz	63abddb93784e4827967eb7dbab77418								
SCILIFELAB	Maniola cypricola	ilManCypr4	-	SAMEA116289206	LV6000912707	-	-	assembly	-	no	no	Illumina NovaSeq X	Oligo-dT	RNA-Seq	YF-4364-RE070-1A	-	LIBRARY_CONSTRUCTION_PROTOCOL:The RNA sequencing library is prepared using the TruSeq Stranded mRNA Library Preparation Kit with poly-A selection (cat# 20020595, Illumina Inc.). Library preparation is performed according to the manufacturer's protocol (#1000000040498). Before library preparation, the quality and quantity of the samples are evaluated using either the Fragment Analyzer system (DNF-471 kit) or the TapeStation 4200 (RNA ScreenTape), both systems from Agilent Technologies.	150	-	YF-4364-RE070-1A_S89_L002_R1_001.fastq.gz	3ca3b31200afe76625415a5478a48669	YF-4364-RE070-1A_S89_L002_R2_001.fastq.gz	15b1daac563074abf985b7940ca89453								